text_ar,claim_type,grader,ruling,reference,url
اطلبوا العلم ولو في الصين,hadith,الألباني,موضوع,سلسلة الأحاديث الضعيفة والموضوعة ١/٤١١,
اطلبوا العلم ولو في الصين,hadith,العجلوني,موضوع,كشف الخفاء ١/١٣٨,
أنا مدينة العلم وعلي بابها,hadith,الألباني,موضوع,سلسلة الأحاديث الضعيفة والموضوعة ٤/٣٦٦,
أنا مدينة العلم وعلي بابها,hadith,ابن الجوزي,موضوع,الموضوعات ١/٣٤٩,
حب الدنيا رأس كل خطيئة,hadith,العجلوني,موضوع,كشف الخفاء ١/٣٤١,
الدنيا جيفة وطالبها كلاب,hadith,العراقي,لا أصل له,تخريج الإحياء,
تعلموا السحر ولا تعملوا به,hadith,ابن حجر,موضوع,اللآلئ المصنوعة,
النظر إلى الوجه الحسن عبادة,hadith,الشوكاني,موضوع,الفوائد المجموعة,
من عشق فعف فكتم فمات فهو شهيد,hadith,الألباني,موضوع,السلسلة الضعيفة,
العمل عبادة,hadith,لا يُعرف له أصل,لا أصل له,ملاحظات تحقيقية عامة,
المؤمن كيّس فطن,hadith,الألباني,ضعيف,السلسلة الضعيفة,
من لم تنهه صلاته عن الفحشاء والمنكر فلا صلاة له,hadith,الألباني,ضعيف,السلسلة الضعيفة,
خيركم من تعلم القرآن وعلمه ثم عمل به في بيته,hadith,غير ثابت بهذا اللفظ,لا يثبت بهذا التمام,مقارنة بألفاظ الصحيح,
قلب المؤمن دليله,hadith,لا أصل له,لا أصل له,ملاحظات تحقيقية عامة,
شاوروهن وخالفوهن,hadith,العجلوني,موضوع,كشف الخفاء,
لو علمتم ما في الفضائل لتركتم الأعمال,athar,لا يصح,لا يصح,نقد متداول,
العلم علمان علم الأبدان وعلم الأديان,hadith,السخاوي,لا أصل له,المقاصد الحسنة,
من عرف نفسه فقد عرف ربه,hadith,ابن تيمية,ليس بحديث,مجموع الفتاوى,
الجمعة حج المساكين,hadith,العجلوني,موضوع,كشف الخفاء,
نظافة الإنسان من الإيمان,hadith,لا يثبت بهذا اللفظ,لا يثبت,مقارنة بحديث الطهور شطر الإيمان,
الجلوس مع العلماء عبادة,hadith,لا أصل له بهذا اللفظ,لا أصل له,ملاحظات تحقيقية عامة,
من بشّرني بخروج آذار بشرته بالجنة,hadith,ابن القيم,موضوع,المنار المنيف,
